{"cameraMode":{"drawMode":0,"name":"Shaded","section":"Shading Mode"},"sceneLighting":false,"audioPlay":false,"sceneViewState":{"m_AlwaysRefresh":false,"showFog":true,"showSkybox":false,"showFlares":true,"showImageEffects":true,"showParticleSystems":true,"showVisualEffectGraphs":true,"m_FxEnabled":true},"in2DMode":false,"pivot":{"x":6.4285993576049809,"y":1.0146666765213013,"z":3.55199933052063},"rotation":{"x":0.010205423459410668,"y":-0.23536182940006257,"z":0.002469258848577738,"w":0.9718579053878784},"size":1.0287736654281617,"orthographic":false}