{"cameraMode":{"drawMode":0,"name":"Shaded","section":"Shading Mode"},"sceneLighting":false,"audioPlay":false,"sceneViewState":{"m_AlwaysRefresh":false,"showFog":true,"showSkybox":false,"showFlares":true,"showImageEffects":true,"showParticleSystems":true,"showVisualEffectGraphs":true,"m_FxEnabled":true},"in2DMode":false,"pivot":{"x":10.642839431762696,"y":0.5258398056030273,"z":10.943017959594727},"rotation":{"x":0.2600238025188446,"y":-0.6587367057800293,"z":0.26112616062164309,"w":0.6559763550758362},"size":1.392943024635315,"orthographic":true}