{"cameraMode":{"drawMode":0,"name":"Shaded","section":"Shading Mode"},"sceneLighting":false,"audioPlay":false,"sceneViewState":{"m_AlwaysRefresh":false,"showFog":true,"showSkybox":false,"showFlares":true,"showImageEffects":true,"showParticleSystems":true,"showVisualEffectGraphs":true,"m_FxEnabled":true},"in2DMode":false,"pivot":{"x":5.223285675048828,"y":0.07670924067497254,"z":5.071768760681152},"rotation":{"x":0.010205423459410668,"y":-0.23536182940006257,"z":0.002469258848577738,"w":0.9718579053878784},"size":1.4045604467391968,"orthographic":false}